SET FOREIGN_KEY_CHECKS=0;
TRUNCATE TABLE USERS;
TRUNCATE TABLE LIBRARY;
TRUNCATE TABLE ITEMS;
SET FOREIGN_KEY_CHECKS=1;

insert into USERS (id, name, lastname) values (1, 'Prentiss', 'Choudhury');
insert into USERS (id, name, lastname) values (2, 'Pet', 'Brogiotti');
insert into USERS (id, name, lastname) values (3, 'Kamilah', 'Burdess');
insert into USERS (id, name, lastname) values (4, 'Lorrin', 'Diable');
insert into USERS (id, name, lastname) values (5, 'Lark', 'Finlry');
insert into USERS (id, name, lastname) values (6, 'Dalis', 'Tarzey');
insert into USERS (id, name, lastname) values (7, 'Boothe', 'Noblet');
insert into USERS (id, name, lastname) values (8, 'Dominica', 'Vasiliev');
insert into USERS (id, name, lastname) values (9, 'Devon', 'Roos');
insert into USERS (id, name, lastname) values (10, 'Grove', 'Pactat');
insert into USERS (id, name, lastname) values (11, 'Mercedes', 'Auden');
insert into USERS (id, name, lastname) values (12, 'Gunilla', 'Crankhorn');
insert into USERS (id, name, lastname) values (13, 'Kakalina', 'Bartod');
insert into USERS (id, name, lastname) values (14, 'Missy', 'Bode');
insert into USERS (id, name, lastname) values (15, 'Patti', 'Keen');
insert into USERS (id, name, lastname) values (16, 'Karita', 'Choldcroft');
insert into USERS (id, name, lastname) values (17, 'Gino', 'Local');
insert into USERS (id, name, lastname) values (18, 'Kailey', 'Parmley');
insert into USERS (id, name, lastname) values (19, 'Dannye', 'Dolle');
insert into USERS (id, name, lastname) values (20, 'Paulette', 'Tawn');
insert into USERS (id, name, lastname) values (21, 'Ferguson', 'Northam');
insert into USERS (id, name, lastname) values (22, 'Adrien', 'Fishley');
insert into USERS (id, name, lastname) values (23, 'Mata', 'Lubbock');
insert into USERS (id, name, lastname) values (24, 'Dollie', 'Janovsky');
insert into USERS (id, name, lastname) values (25, 'Franz', 'Feeney');
insert into USERS (id, name, lastname) values (26, 'Barry', 'Orans');
insert into USERS (id, name, lastname) values (27, 'Angelica', 'Fitzharris');
insert into USERS (id, name, lastname) values (28, 'Jemmy', 'Noulton');
insert into USERS (id, name, lastname) values (29, 'Ileana', 'Lammiman');
insert into USERS (id, name, lastname) values (30, 'Patrizia', 'Minors');
insert into USERS (id, name, lastname) values (31, 'Angie', 'Kenn');
insert into USERS (id, name, lastname) values (32, 'Denys', 'Maraga');
insert into USERS (id, name, lastname) values (33, 'Muire', 'Matelyunas');
insert into USERS (id, name, lastname) values (34, 'Shandeigh', 'Lloyds');
insert into USERS (id, name, lastname) values (35, 'Aurie', 'Janisson');
insert into USERS (id, name, lastname) values (36, 'Guillema', 'Kitney');
insert into USERS (id, name, lastname) values (37, 'Janos', 'Singyard');
insert into USERS (id, name, lastname) values (38, 'Steffi', 'Druce');
insert into USERS (id, name, lastname) values (39, 'Kelsy', 'Jockle');
insert into USERS (id, name, lastname) values (40, 'Hernando', 'Leese');
insert into USERS (id, name, lastname) values (41, 'Brana', 'Gorges');
insert into USERS (id, name, lastname) values (42, 'Vitoria', 'Pegden');
insert into USERS (id, name, lastname) values (43, 'Sybille', 'Folliott');
insert into USERS (id, name, lastname) values (44, 'Kenton', 'Novakovic');
insert into USERS (id, name, lastname) values (45, 'Dare', 'Chisholme');
insert into USERS (id, name, lastname) values (46, 'Vincents', 'Booton');
insert into USERS (id, name, lastname) values (47, 'Mallorie', 'Yaus');
insert into USERS (id, name, lastname) values (48, 'Wendeline', 'Sola');
insert into USERS (id, name, lastname) values (49, 'Jock', 'Dello');
insert into USERS (id, name, lastname) values (50, 'Zelma', 'Soanes');
insert into USERS (id, name, lastname) values (51, 'Katti', 'Stollman');
insert into USERS (id, name, lastname) values (52, 'Lesya', 'Bruckenthal');
insert into USERS (id, name, lastname) values (53, 'Felicia', 'Hendriks');
insert into USERS (id, name, lastname) values (54, 'Bernice', 'Donohoe');
insert into USERS (id, name, lastname) values (55, 'Wilden', 'Pennaman');
insert into USERS (id, name, lastname) values (56, 'Elvin', 'Billitteri');
insert into USERS (id, name, lastname) values (57, 'Bent', 'Bordiss');
insert into USERS (id, name, lastname) values (58, 'Fredia', 'Barnewall');
insert into USERS (id, name, lastname) values (59, 'Windham', 'Yeardsley');
insert into USERS (id, name, lastname) values (60, 'Jerome', 'Worcs');
insert into USERS (id, name, lastname) values (61, 'Tedra', 'Tipling');
insert into USERS (id, name, lastname) values (62, 'Cosimo', 'Bushel');
insert into USERS (id, name, lastname) values (63, 'Nicola', 'Stanistrete');
insert into USERS (id, name, lastname) values (64, 'Cody', 'Brennen');
insert into USERS (id, name, lastname) values (65, 'Charline', 'Normaville');
insert into USERS (id, name, lastname) values (66, 'Colleen', 'Derry');
insert into USERS (id, name, lastname) values (67, 'Gaven', 'Farbrace');
insert into USERS (id, name, lastname) values (68, 'Kacey', 'Fraser');
insert into USERS (id, name, lastname) values (69, 'Ogden', 'Gaudon');
insert into USERS (id, name, lastname) values (70, 'Neila', 'Coldrick');
insert into USERS (id, name, lastname) values (71, 'Mignon', 'Bearward');
insert into USERS (id, name, lastname) values (72, 'Shay', 'Mill');
insert into USERS (id, name, lastname) values (73, 'Pierson', 'Kierans');
insert into USERS (id, name, lastname) values (74, 'Malynda', 'Meikle');
insert into USERS (id, name, lastname) values (75, 'Charles', 'McCaffery');
insert into USERS (id, name, lastname) values (76, 'Vaughn', 'Vero');
insert into USERS (id, name, lastname) values (77, 'Adoree', 'Gotecliffe');
insert into USERS (id, name, lastname) values (78, 'Niccolo', 'Purbrick');
insert into USERS (id, name, lastname) values (79, 'Amitie', 'Shovelton');
insert into USERS (id, name, lastname) values (80, 'Yul', 'Nisby');
insert into USERS (id, name, lastname) values (81, 'Kile', 'Sorrel');
insert into USERS (id, name, lastname) values (82, 'Odell', 'Kitto');
insert into USERS (id, name, lastname) values (83, 'Ole', 'Dalston');
insert into USERS (id, name, lastname) values (84, 'Jan', 'Gowrich');
insert into USERS (id, name, lastname) values (85, 'Chance', 'Falkus');
insert into USERS (id, name, lastname) values (86, 'Henryetta', 'Roxbee');
insert into USERS (id, name, lastname) values (87, 'Adan', 'Kundert');
insert into USERS (id, name, lastname) values (88, 'Kelvin', 'Lynnett');
insert into USERS (id, name, lastname) values (89, 'Thekla', 'Casini');
insert into USERS (id, name, lastname) values (90, 'Amata', 'Normabell');
insert into USERS (id, name, lastname) values (91, 'Christophe', 'Verner');
insert into USERS (id, name, lastname) values (92, 'Olia', 'Peacher');
insert into USERS (id, name, lastname) values (93, 'Whitman', 'Andreuzzi');
insert into USERS (id, name, lastname) values (94, 'Kissie', 'Sainsberry');
insert into USERS (id, name, lastname) values (95, 'Barney', 'Clerc');
insert into USERS (id, name, lastname) values (96, 'Tommie', 'Need');
insert into USERS (id, name, lastname) values (97, 'Stephana', 'Hutchings');
insert into USERS (id, name, lastname) values (98, 'Gage', 'Jurek');
insert into USERS (id, name, lastname) values (99, 'Gina', 'McBrady');
insert into USERS (id, name, lastname) values (100, 'Zarah', 'Berney');

insert into LIBRARY (LIBRARY_ID, FK_USER_ID, LIBRARY_NAME) values (1, 1, 'Span');
insert into LIBRARY (LIBRARY_ID, FK_USER_ID, LIBRARY_NAME) values (2, 2, 'Tresom');
insert into LIBRARY (LIBRARY_ID, FK_USER_ID, LIBRARY_NAME) values (3, 3, 'Y-Solowarm');
insert into LIBRARY (LIBRARY_ID, FK_USER_ID, LIBRARY_NAME) values (4, 4, 'Sub-Ex');
insert into LIBRARY (LIBRARY_ID, FK_USER_ID, LIBRARY_NAME) values (5, 5, 'Viva');
insert into LIBRARY (LIBRARY_ID, FK_USER_ID, LIBRARY_NAME) values (6, 6, 'Domainer');
insert into LIBRARY (LIBRARY_ID, FK_USER_ID, LIBRARY_NAME) values (7, 7, 'Alpha');
insert into LIBRARY (LIBRARY_ID, FK_USER_ID, LIBRARY_NAME) values (8, 8, 'Flexidy');
insert into LIBRARY (LIBRARY_ID, FK_USER_ID, LIBRARY_NAME) values (9, 9, 'Domainer');
insert into LIBRARY (LIBRARY_ID, FK_USER_ID, LIBRARY_NAME) values (10, 10, 'Daltfresh');
insert into LIBRARY (LIBRARY_ID, FK_USER_ID, LIBRARY_NAME) values (11, 11, 'Fintone');
insert into LIBRARY (LIBRARY_ID, FK_USER_ID, LIBRARY_NAME) values (12, 12, 'Fintone');
insert into LIBRARY (LIBRARY_ID, FK_USER_ID, LIBRARY_NAME) values (13, 13, 'Veribet');
insert into LIBRARY (LIBRARY_ID, FK_USER_ID, LIBRARY_NAME) values (14, 14, 'Flowdesk');
insert into LIBRARY (LIBRARY_ID, FK_USER_ID, LIBRARY_NAME) values (15, 15, 'Rank');
insert into LIBRARY (LIBRARY_ID, FK_USER_ID, LIBRARY_NAME) values (16, 16, 'Cardify');
insert into LIBRARY (LIBRARY_ID, FK_USER_ID, LIBRARY_NAME) values (17, 17, 'Tin');
insert into LIBRARY (LIBRARY_ID, FK_USER_ID, LIBRARY_NAME) values (18, 18, 'Konklux');
insert into LIBRARY (LIBRARY_ID, FK_USER_ID, LIBRARY_NAME) values (19, 19, 'Opela');
insert into LIBRARY (LIBRARY_ID, FK_USER_ID, LIBRARY_NAME) values (20, 20, 'Transcof');
insert into LIBRARY (LIBRARY_ID, FK_USER_ID, LIBRARY_NAME) values (21, 21, 'Konklab');
insert into LIBRARY (LIBRARY_ID, FK_USER_ID, LIBRARY_NAME) values (22, 22, 'Latlux');
insert into LIBRARY (LIBRARY_ID, FK_USER_ID, LIBRARY_NAME) values (23, 23, 'Bigtax');
insert into LIBRARY (LIBRARY_ID, FK_USER_ID, LIBRARY_NAME) values (24, 24, 'Ventosanzap');
insert into LIBRARY (LIBRARY_ID, FK_USER_ID, LIBRARY_NAME) values (25, 25, 'Ventosanzap');
insert into LIBRARY (LIBRARY_ID, FK_USER_ID, LIBRARY_NAME) values (26, 26, 'Aerified');
insert into LIBRARY (LIBRARY_ID, FK_USER_ID, LIBRARY_NAME) values (27, 27, 'Solarbreeze');
insert into LIBRARY (LIBRARY_ID, FK_USER_ID, LIBRARY_NAME) values (28, 28, 'Sub-Ex');
insert into LIBRARY (LIBRARY_ID, FK_USER_ID, LIBRARY_NAME) values (29, 29, 'Zaam-Dox');
insert into LIBRARY (LIBRARY_ID, FK_USER_ID, LIBRARY_NAME) values (30, 30, 'Tampflex');
insert into LIBRARY (LIBRARY_ID, FK_USER_ID, LIBRARY_NAME) values (31, 31, 'Wrapsafe');
insert into LIBRARY (LIBRARY_ID, FK_USER_ID, LIBRARY_NAME) values (32, 32, 'Trippledex');
insert into LIBRARY (LIBRARY_ID, FK_USER_ID, LIBRARY_NAME) values (33, 33, 'Vagram');
insert into LIBRARY (LIBRARY_ID, FK_USER_ID, LIBRARY_NAME) values (34, 34, 'Lotlux');
insert into LIBRARY (LIBRARY_ID, FK_USER_ID, LIBRARY_NAME) values (35, 35, 'Job');
insert into LIBRARY (LIBRARY_ID, FK_USER_ID, LIBRARY_NAME) values (36, 36, 'Aerified');
insert into LIBRARY (LIBRARY_ID, FK_USER_ID, LIBRARY_NAME) values (37, 37, 'Trippledex');
insert into LIBRARY (LIBRARY_ID, FK_USER_ID, LIBRARY_NAME) values (38, 38, 'Transcof');
insert into LIBRARY (LIBRARY_ID, FK_USER_ID, LIBRARY_NAME) values (39, 39, 'Voltsillam');
insert into LIBRARY (LIBRARY_ID, FK_USER_ID, LIBRARY_NAME) values (40, 40, 'Veribet');
insert into LIBRARY (LIBRARY_ID, FK_USER_ID, LIBRARY_NAME) values (41, 41, 'Voyatouch');
insert into LIBRARY (LIBRARY_ID, FK_USER_ID, LIBRARY_NAME) values (42, 42, 'Temp');
insert into LIBRARY (LIBRARY_ID, FK_USER_ID, LIBRARY_NAME) values (43, 43, 'Voltsillam');
insert into LIBRARY (LIBRARY_ID, FK_USER_ID, LIBRARY_NAME) values (44, 44, 'Otcom');
insert into LIBRARY (LIBRARY_ID, FK_USER_ID, LIBRARY_NAME) values (45, 45, 'Bigtax');
insert into LIBRARY (LIBRARY_ID, FK_USER_ID, LIBRARY_NAME) values (46, 46, 'Zamit');
insert into LIBRARY (LIBRARY_ID, FK_USER_ID, LIBRARY_NAME) values (47, 47, 'Voltsillam');
insert into LIBRARY (LIBRARY_ID, FK_USER_ID, LIBRARY_NAME) values (48, 48, 'Temp');
insert into LIBRARY (LIBRARY_ID, FK_USER_ID, LIBRARY_NAME) values (49, 49, 'Alphazap');
insert into LIBRARY (LIBRARY_ID, FK_USER_ID, LIBRARY_NAME) values (50, 50, 'Temp');



insert into ITEMS (ITEM_ID,FK_LIBRARY_ID, ITEM_NAME, ITEM_AUTHOR, ITEM_TYPE) values (1, '42', 'Trippledex', 'Thorndike Yitzhakov', 'CD');
insert into ITEMS (ITEM_ID,FK_LIBRARY_ID, ITEM_NAME, ITEM_AUTHOR, ITEM_TYPE) values (2, '4', 'Transcof', 'Mariette Haxell', 'COMIC');
insert into ITEMS (ITEM_ID,FK_LIBRARY_ID, ITEM_NAME, ITEM_AUTHOR, ITEM_TYPE) values (3, '4', 'Y-find', 'Elbertina Rattery', 'BD');
insert into ITEMS (ITEM_ID,FK_LIBRARY_ID, ITEM_NAME, ITEM_AUTHOR, ITEM_TYPE) values (4, '2', 'Trippledex', 'Morton Casetta', 'MANGA');
insert into ITEMS (ITEM_ID,FK_LIBRARY_ID, ITEM_NAME, ITEM_AUTHOR, ITEM_TYPE) values (5, '45', 'Kanlam', 'Frederique Purviss', 'BD');
insert into ITEMS (ITEM_ID,FK_LIBRARY_ID, ITEM_NAME, ITEM_AUTHOR, ITEM_TYPE) values (6, '25', 'Sub-Ex', 'Anstice Mew', 'BLURAY');
insert into ITEMS (ITEM_ID,FK_LIBRARY_ID, ITEM_NAME, ITEM_AUTHOR, ITEM_TYPE) values (7, '5', 'Regrant', 'Ginnie Ashling', 'DVD');
insert into ITEMS (ITEM_ID,FK_LIBRARY_ID, ITEM_NAME, ITEM_AUTHOR, ITEM_TYPE) values (8, '7', 'Ronstring', 'Catha Juszczak', 'COMIC');
insert into ITEMS (ITEM_ID,FK_LIBRARY_ID, ITEM_NAME, ITEM_AUTHOR, ITEM_TYPE) values (9, '45', 'Duobam', 'Ambrosi Fanner', 'MANGA');
insert into ITEMS (ITEM_ID,FK_LIBRARY_ID, ITEM_NAME, ITEM_AUTHOR, ITEM_TYPE) values (10, '47', 'Biodex', 'Scarlett Drugan', 'COMIC');
insert into ITEMS (ITEM_ID,FK_LIBRARY_ID, ITEM_NAME, ITEM_AUTHOR, ITEM_TYPE) values (11, '3', 'Zaam-Dox', 'Margi Prosser', 'COMIC');
insert into ITEMS (ITEM_ID,FK_LIBRARY_ID, ITEM_NAME, ITEM_AUTHOR, ITEM_TYPE) values (12, '23', 'Konklux', 'Muhammad Ashpital', 'CD');
insert into ITEMS (ITEM_ID,FK_LIBRARY_ID, ITEM_NAME, ITEM_AUTHOR, ITEM_TYPE) values (13, '43', 'Fix San', 'Alexandre Reaveley', 'CD');
insert into ITEMS (ITEM_ID,FK_LIBRARY_ID, ITEM_NAME, ITEM_AUTHOR, ITEM_TYPE) values (14, '43', 'Otcom', 'Jodi Mendes', 'DVD');
insert into ITEMS (ITEM_ID,FK_LIBRARY_ID, ITEM_NAME, ITEM_AUTHOR, ITEM_TYPE) values (15, '26', 'Tresom', 'Rouvin Tidmas', 'DVD');
insert into ITEMS (ITEM_ID,FK_LIBRARY_ID, ITEM_NAME, ITEM_AUTHOR, ITEM_TYPE) values (16, '47', 'Stim', 'Sella Bleakman', 'BD');
insert into ITEMS (ITEM_ID,FK_LIBRARY_ID, ITEM_NAME, ITEM_AUTHOR, ITEM_TYPE) values (17, '49', 'Fixflex', 'Nissa Blanc', 'CD');
insert into ITEMS (ITEM_ID,FK_LIBRARY_ID, ITEM_NAME, ITEM_AUTHOR, ITEM_TYPE) values (18, '6', 'Zamit', 'Issie MacDaid', 'CD');
insert into ITEMS (ITEM_ID,FK_LIBRARY_ID, ITEM_NAME, ITEM_AUTHOR, ITEM_TYPE) values (19, '2', 'Zaam-Dox', 'Junina Leverich', 'MANGA');
insert into ITEMS (ITEM_ID,FK_LIBRARY_ID, ITEM_NAME, ITEM_AUTHOR, ITEM_TYPE) values (20, '5', 'Toughjoyfax', 'Heywood Berringer', 'BD');
insert into ITEMS (ITEM_ID,FK_LIBRARY_ID, ITEM_NAME, ITEM_AUTHOR, ITEM_TYPE) values (21, '41', 'Subin', 'Koo Moggach', 'COMIC');
insert into ITEMS (ITEM_ID,FK_LIBRARY_ID, ITEM_NAME, ITEM_AUTHOR, ITEM_TYPE) values (22, '14', 'Alpha', 'Rora Ashby', 'COMIC');
insert into ITEMS (ITEM_ID,FK_LIBRARY_ID, ITEM_NAME, ITEM_AUTHOR, ITEM_TYPE) values (23, '19', 'Toughjoyfax', 'Leonard Stuchberry', 'DVD');
insert into ITEMS (ITEM_ID,FK_LIBRARY_ID, ITEM_NAME, ITEM_AUTHOR, ITEM_TYPE) values (24, '50', 'Holdlamis', 'Munroe Cristofolini', 'BLURAY');
insert into ITEMS (ITEM_ID,FK_LIBRARY_ID, ITEM_NAME, ITEM_AUTHOR, ITEM_TYPE) values (25, '27', 'Zamit', 'Padget Lehrian', 'CD');
insert into ITEMS (ITEM_ID,FK_LIBRARY_ID, ITEM_NAME, ITEM_AUTHOR, ITEM_TYPE) values (26, '18', 'Voltsillam', 'Lise Presslie', 'MANGA');
insert into ITEMS (ITEM_ID,FK_LIBRARY_ID, ITEM_NAME, ITEM_AUTHOR, ITEM_TYPE) values (27, '43', 'Lotstring', 'Milly Oliffe', 'COMIC');
insert into ITEMS (ITEM_ID,FK_LIBRARY_ID, ITEM_NAME, ITEM_AUTHOR, ITEM_TYPE) values (28, '36', 'Bamity', 'Rutger Espine', 'MANGA');
insert into ITEMS (ITEM_ID,FK_LIBRARY_ID, ITEM_NAME, ITEM_AUTHOR, ITEM_TYPE) values (29, '16', 'Toughjoyfax', 'Nappy Noke', 'BLURAY');
insert into ITEMS (ITEM_ID,FK_LIBRARY_ID, ITEM_NAME, ITEM_AUTHOR, ITEM_TYPE) values (30, '18', 'Zontrax', 'Leda Skarr', 'BLURAY');
insert into ITEMS (ITEM_ID,FK_LIBRARY_ID, ITEM_NAME, ITEM_AUTHOR, ITEM_TYPE) values (31, '47', 'Zontrax', 'Portie Hannum', 'CD');
insert into ITEMS (ITEM_ID,FK_LIBRARY_ID, ITEM_NAME, ITEM_AUTHOR, ITEM_TYPE) values (32, '45', 'Regrant', 'Matthaeus Vigietti', 'COMIC');
insert into ITEMS (ITEM_ID,FK_LIBRARY_ID, ITEM_NAME, ITEM_AUTHOR, ITEM_TYPE) values (33, '9', 'Treeflex', 'Blake Yearnes', 'BLURAY');
insert into ITEMS (ITEM_ID,FK_LIBRARY_ID, ITEM_NAME, ITEM_AUTHOR, ITEM_TYPE) values (34, '33', 'Voyatouch', 'Roda Balffye', 'MANGA');
insert into ITEMS (ITEM_ID,FK_LIBRARY_ID, ITEM_NAME, ITEM_AUTHOR, ITEM_TYPE) values (35, '26', 'Quo Lux', 'Diane Yorkston', 'BD');
insert into ITEMS (ITEM_ID,FK_LIBRARY_ID, ITEM_NAME, ITEM_AUTHOR, ITEM_TYPE) values (36, '50', 'Bamity', 'Ninnetta Nuccitelli', 'BLURAY');
insert into ITEMS (ITEM_ID,FK_LIBRARY_ID, ITEM_NAME, ITEM_AUTHOR, ITEM_TYPE) values (37, '12', 'Y-Solowarm', 'Antone Oxberry', 'CD');
insert into ITEMS (ITEM_ID,FK_LIBRARY_ID, ITEM_NAME, ITEM_AUTHOR, ITEM_TYPE) values (38, '3', 'Stringtough', 'Brooks Daniaud', 'BLURAY');
insert into ITEMS (ITEM_ID,FK_LIBRARY_ID, ITEM_NAME, ITEM_AUTHOR, ITEM_TYPE) values (39, '25', 'Home Ing', 'Allegra Aynsley', 'DVD');
insert into ITEMS (ITEM_ID,FK_LIBRARY_ID, ITEM_NAME, ITEM_AUTHOR, ITEM_TYPE) values (40, '36', 'Bitchip', 'Jazmin Concannon', 'DVD');
insert into ITEMS (ITEM_ID,FK_LIBRARY_ID, ITEM_NAME, ITEM_AUTHOR, ITEM_TYPE) values (41, '27', 'Toughjoyfax', 'James Crawshay', 'COMIC');
insert into ITEMS (ITEM_ID,FK_LIBRARY_ID, ITEM_NAME, ITEM_AUTHOR, ITEM_TYPE) values (42, '12', 'Zathin', 'Bryon Sambals', 'BLURAY');
insert into ITEMS (ITEM_ID,FK_LIBRARY_ID, ITEM_NAME, ITEM_AUTHOR, ITEM_TYPE) values (43, '37', 'Pannier', 'Emmery Guittet', 'MANGA');
insert into ITEMS (ITEM_ID,FK_LIBRARY_ID, ITEM_NAME, ITEM_AUTHOR, ITEM_TYPE) values (44, '18', 'Temp', 'Romeo Holburn', 'BD');
insert into ITEMS (ITEM_ID,FK_LIBRARY_ID, ITEM_NAME, ITEM_AUTHOR, ITEM_TYPE) values (45, '33', 'Bamity', 'Bryan Schusterl', 'BD');
insert into ITEMS (ITEM_ID,FK_LIBRARY_ID, ITEM_NAME, ITEM_AUTHOR, ITEM_TYPE) values (46, '9', 'Wrapsafe', 'Joseito Borrow', 'DVD');
insert into ITEMS (ITEM_ID,FK_LIBRARY_ID, ITEM_NAME, ITEM_AUTHOR, ITEM_TYPE) values (47, '16', 'Ronstring', 'Beaufort Kane', 'MANGA');
insert into ITEMS (ITEM_ID,FK_LIBRARY_ID, ITEM_NAME, ITEM_AUTHOR, ITEM_TYPE) values (48, '45', 'Otcom', 'Peg Waddup', 'CD');
insert into ITEMS (ITEM_ID,FK_LIBRARY_ID, ITEM_NAME, ITEM_AUTHOR, ITEM_TYPE) values (49, '29', 'Tres-Zap', 'Aubrey Southerns', 'DVD');
insert into ITEMS (ITEM_ID,FK_LIBRARY_ID, ITEM_NAME, ITEM_AUTHOR, ITEM_TYPE) values (50, '11', 'Y-find', 'Timofei Hallet', 'COMIC');
insert into ITEMS (ITEM_ID,FK_LIBRARY_ID, ITEM_NAME, ITEM_AUTHOR, ITEM_TYPE) values (51, '45', 'Zontrax', 'Jens Vogeller', 'BLURAY');
insert into ITEMS (ITEM_ID,FK_LIBRARY_ID, ITEM_NAME, ITEM_AUTHOR, ITEM_TYPE) values (52, '20', 'Cardguard', 'Alyson Lemar', 'BD');
insert into ITEMS (ITEM_ID,FK_LIBRARY_ID, ITEM_NAME, ITEM_AUTHOR, ITEM_TYPE) values (53, '29', 'Lotlux', 'Teodora Rastall', 'CD');
insert into ITEMS (ITEM_ID,FK_LIBRARY_ID, ITEM_NAME, ITEM_AUTHOR, ITEM_TYPE) values (54, '20', 'Tresom', 'Leigh McArthur', 'MANGA');
insert into ITEMS (ITEM_ID,FK_LIBRARY_ID, ITEM_NAME, ITEM_AUTHOR, ITEM_TYPE) values (55, '33', 'Stronghold', 'Dimitry Lawlance', 'BD');
insert into ITEMS (ITEM_ID,FK_LIBRARY_ID, ITEM_NAME, ITEM_AUTHOR, ITEM_TYPE) values (56, '24', 'Cardguard', 'Simone Tuffin', 'COMIC');
insert into ITEMS (ITEM_ID,FK_LIBRARY_ID, ITEM_NAME, ITEM_AUTHOR, ITEM_TYPE) values (57, '6', 'Viva', 'Sander Kingh', 'BLURAY');
insert into ITEMS (ITEM_ID,FK_LIBRARY_ID, ITEM_NAME, ITEM_AUTHOR, ITEM_TYPE) values (58, '32', 'Keylex', 'Zebulen Kobu', 'BD');
insert into ITEMS (ITEM_ID,FK_LIBRARY_ID, ITEM_NAME, ITEM_AUTHOR, ITEM_TYPE) values (59, '3', 'Hatity', 'Leeann Mosconi', 'MANGA');
insert into ITEMS (ITEM_ID,FK_LIBRARY_ID, ITEM_NAME, ITEM_AUTHOR, ITEM_TYPE) values (60, '14', 'Quo Lux', 'Blythe Broker', 'BD');
insert into ITEMS (ITEM_ID,FK_LIBRARY_ID, ITEM_NAME, ITEM_AUTHOR, ITEM_TYPE) values (61, '21', 'Stim', 'Kerry Mityushin', 'COMIC');
insert into ITEMS (ITEM_ID,FK_LIBRARY_ID, ITEM_NAME, ITEM_AUTHOR, ITEM_TYPE) values (62, '39', 'Fintone', 'Ginny Grigsby', 'BLURAY');
insert into ITEMS (ITEM_ID,FK_LIBRARY_ID, ITEM_NAME, ITEM_AUTHOR, ITEM_TYPE) values (63, '26', 'Prodder', 'Otes Perrot', 'MANGA');
insert into ITEMS (ITEM_ID,FK_LIBRARY_ID, ITEM_NAME, ITEM_AUTHOR, ITEM_TYPE) values (64, '40', 'Tampflex', 'Cati Railton', 'BD');
insert into ITEMS (ITEM_ID,FK_LIBRARY_ID, ITEM_NAME, ITEM_AUTHOR, ITEM_TYPE) values (65, '49', 'Holdlamis', 'Eyde Wrotham', 'BLURAY');
insert into ITEMS (ITEM_ID,FK_LIBRARY_ID, ITEM_NAME, ITEM_AUTHOR, ITEM_TYPE) values (66, '39', 'Stronghold', 'Cordy Lidyard', 'DVD');
insert into ITEMS (ITEM_ID,FK_LIBRARY_ID, ITEM_NAME, ITEM_AUTHOR, ITEM_TYPE) values (67, '18', 'Cookley', 'Hillary Larchiere', 'BD');
insert into ITEMS (ITEM_ID,FK_LIBRARY_ID, ITEM_NAME, ITEM_AUTHOR, ITEM_TYPE) values (68, '46', 'Span', 'Diane-marie Perrottet', 'MANGA');
insert into ITEMS (ITEM_ID,FK_LIBRARY_ID, ITEM_NAME, ITEM_AUTHOR, ITEM_TYPE) values (69, '30', 'Vagram', 'Clea McCome', 'MANGA');
insert into ITEMS (ITEM_ID,FK_LIBRARY_ID, ITEM_NAME, ITEM_AUTHOR, ITEM_TYPE) values (70, '22', 'Fintone', 'Ceil Southerns', 'CD');
insert into ITEMS (ITEM_ID,FK_LIBRARY_ID, ITEM_NAME, ITEM_AUTHOR, ITEM_TYPE) values (71, '46', 'Opela', 'Brion D''Onise', 'BLURAY');
insert into ITEMS (ITEM_ID,FK_LIBRARY_ID, ITEM_NAME, ITEM_AUTHOR, ITEM_TYPE) values (72, '16', 'Sonsing', 'Dierdre Curror', 'DVD');
insert into ITEMS (ITEM_ID,FK_LIBRARY_ID, ITEM_NAME, ITEM_AUTHOR, ITEM_TYPE) values (73, '5', 'Cardify', 'Rod Ortelt', 'CD');
insert into ITEMS (ITEM_ID,FK_LIBRARY_ID, ITEM_NAME, ITEM_AUTHOR, ITEM_TYPE) values (74, '27', 'Stronghold', 'Nance Dalrymple', 'BLURAY');
insert into ITEMS (ITEM_ID,FK_LIBRARY_ID, ITEM_NAME, ITEM_AUTHOR, ITEM_TYPE) values (75, '23', 'Alpha', 'Mommy Lundie', 'CD');
insert into ITEMS (ITEM_ID,FK_LIBRARY_ID, ITEM_NAME, ITEM_AUTHOR, ITEM_TYPE) values (76, '22', 'Hatity', 'Verine Beardsley', 'BLURAY');
insert into ITEMS (ITEM_ID,FK_LIBRARY_ID, ITEM_NAME, ITEM_AUTHOR, ITEM_TYPE) values (77, '4', 'Asoka', 'Abba Kennagh', 'COMIC');
insert into ITEMS (ITEM_ID,FK_LIBRARY_ID, ITEM_NAME, ITEM_AUTHOR, ITEM_TYPE) values (78, '15', 'Cardguard', 'Saree Radbond', 'BD');
insert into ITEMS (ITEM_ID,FK_LIBRARY_ID, ITEM_NAME, ITEM_AUTHOR, ITEM_TYPE) values (79, '47', 'Stringtough', 'Marylee Basler', 'MANGA');
insert into ITEMS (ITEM_ID,FK_LIBRARY_ID, ITEM_NAME, ITEM_AUTHOR, ITEM_TYPE) values (80, '45', 'Zaam-Dox', 'Nedda Woolbrook', 'BLURAY');
insert into ITEMS (ITEM_ID,FK_LIBRARY_ID, ITEM_NAME, ITEM_AUTHOR, ITEM_TYPE) values (81, '11', 'Job', 'Wanids Masden', 'BD');
insert into ITEMS (ITEM_ID,FK_LIBRARY_ID, ITEM_NAME, ITEM_AUTHOR, ITEM_TYPE) values (82, '1', 'Ventosanzap', 'Spenser Tomini', 'DVD');
insert into ITEMS (ITEM_ID,FK_LIBRARY_ID, ITEM_NAME, ITEM_AUTHOR, ITEM_TYPE) values (83, '42', 'Asoka', 'Halimeda Jerrold', 'MANGA');
insert into ITEMS (ITEM_ID,FK_LIBRARY_ID, ITEM_NAME, ITEM_AUTHOR, ITEM_TYPE) values (84, '43', 'Toughjoyfax', 'Iorgo Jakobssen', 'BLURAY');
insert into ITEMS (ITEM_ID,FK_LIBRARY_ID, ITEM_NAME, ITEM_AUTHOR, ITEM_TYPE) values (85, '43', 'Asoka', 'Ainslie Biesterfeld', 'CD');
insert into ITEMS (ITEM_ID,FK_LIBRARY_ID, ITEM_NAME, ITEM_AUTHOR, ITEM_TYPE) values (86, '24', 'Tresom', 'Milli Rigney', 'BD');
insert into ITEMS (ITEM_ID,FK_LIBRARY_ID, ITEM_NAME, ITEM_AUTHOR, ITEM_TYPE) values (87, '48', 'Veribet', 'Wallie Smooth', 'COMIC');
insert into ITEMS (ITEM_ID,FK_LIBRARY_ID, ITEM_NAME, ITEM_AUTHOR, ITEM_TYPE) values (88, '45', 'Overhold', 'Merry Hospital', 'CD');
insert into ITEMS (ITEM_ID,FK_LIBRARY_ID, ITEM_NAME, ITEM_AUTHOR, ITEM_TYPE) values (89, '36', 'Flexidy', 'Lacie D''Ambrosi', 'DVD');
insert into ITEMS (ITEM_ID,FK_LIBRARY_ID, ITEM_NAME, ITEM_AUTHOR, ITEM_TYPE) values (90, '31', 'Domainer', 'Leonerd Cloutt', 'CD');
insert into ITEMS (ITEM_ID,FK_LIBRARY_ID, ITEM_NAME, ITEM_AUTHOR, ITEM_TYPE) values (91, '24', 'Otcom', 'Raynell Hugues', 'CD');
insert into ITEMS (ITEM_ID,FK_LIBRARY_ID, ITEM_NAME, ITEM_AUTHOR, ITEM_TYPE) values (92, '49', 'Regrant', 'Lila Eakle', 'CD');
insert into ITEMS (ITEM_ID,FK_LIBRARY_ID, ITEM_NAME, ITEM_AUTHOR, ITEM_TYPE) values (93, '37', 'Wrapsafe', 'Irene Deakan', 'MANGA');
insert into ITEMS (ITEM_ID,FK_LIBRARY_ID, ITEM_NAME, ITEM_AUTHOR, ITEM_TYPE) values (94, '48', 'Biodex', 'Feliza Coche', 'MANGA');
insert into ITEMS (ITEM_ID,FK_LIBRARY_ID, ITEM_NAME, ITEM_AUTHOR, ITEM_TYPE) values (95, '39', 'Zaam-Dox', 'Westbrook Dobbinson', 'MANGA');
insert into ITEMS (ITEM_ID,FK_LIBRARY_ID, ITEM_NAME, ITEM_AUTHOR, ITEM_TYPE) values (96, '20', 'Zathin', 'Caria Polak', 'CD');
insert into ITEMS (ITEM_ID,FK_LIBRARY_ID, ITEM_NAME, ITEM_AUTHOR, ITEM_TYPE) values (97, '41', 'Konklab', 'Dulcy Moon', 'BLURAY');
insert into ITEMS (ITEM_ID,FK_LIBRARY_ID, ITEM_NAME, ITEM_AUTHOR, ITEM_TYPE) values (98, '22', 'Alpha', 'Sharl Garmans', 'COMIC');
insert into ITEMS (ITEM_ID,FK_LIBRARY_ID, ITEM_NAME, ITEM_AUTHOR, ITEM_TYPE) values (99, '15', 'Redhold', 'Sibilla Sinderson', 'BLURAY');
insert into ITEMS (ITEM_ID,FK_LIBRARY_ID, ITEM_NAME, ITEM_AUTHOR, ITEM_TYPE) values (100, '42', 'Regrant', 'Berte Kennerknecht', 'CD');